sku,category,brand,price,launch_date,returnable
SKU-00000,electronics,ACME,743.39,2025-05-02,True
SKU-00001,home,Globex,679.26,2021-12-01,True
SKU-00002,electronics,Soylent,41.43,2023-12-01,True
SKU-00003,music,StarkIndustries,605.4,2022-09-15,True
SKU-00004,books,Soylent,228.02,2022-03-27,True
SKU-00005,apparel,Initech,700.46,2022-03-15,True
SKU-00006,home,Januszex,956.68,2023-07-06,True
SKU-00007,electronics,Soylent,105.65,2023-02-12,True
SKU-00008,toys,ACME,731.7,2020-07-24,True
SKU-00009,sports,Globex,555.97,2020-09-16,True
SKU-00010,beauty,Januszex,706.82,2024-06-25,True
SKU-00011,music,Umbrella,984.38,2023-09-13,True
SKU-00012,electronics,Soylent,284.92,2020-11-29,True
SKU-00013,beauty,Initech,376.11,2024-03-26,True
SKU-00014,toys,Globex,612.43,2021-06-01,True
SKU-00015,music,Initech,467.18,2024-06-30,True
SKU-00016,books,Januszex,687.08,2024-06-13,True
SKU-00017,apparel,Januszex,822.76,2020-07-31,True
SKU-00018,sports,Umbrella,75.46,2020-09-09,False
SKU-00019,beauty,Januszex,658.23,2021-12-08,True
SKU-00020,kitchen,Initech,271.97,2024-06-13,True
SKU-00021,books,StarkIndustries,269.85,2020-08-16,True
SKU-00022,sports,Wonka,226.91,2021-05-14,False
SKU-00023,books,WayneTech,99.91,2021-06-11,True
SKU-00024,electronics,Initech,630.54,2023-11-12,True
SKU-00025,sports,Globex,390.53,2025-04-26,True
SKU-00026,kitchen,StarkIndustries,258.65,2022-07-11,True
SKU-00027,apparel,Globex,684.21,2022-10-31,True
SKU-00028,toys,Wonka,120.33,2025-01-24,True
SKU-00029,kitchen,ACME,953.32,2025-06-30,True
SKU-00030,toys,StarkIndustries,763.58,2024-04-20,True
SKU-00031,electronics,Umbrella,842.41,2024-10-08,True
SKU-00032,music,Initech,379.8,2024-12-26,True
SKU-00033,books,ACME,602.36,2021-05-04,True
SKU-00034,electronics,Wonka,879.06,2024-07-01,True
SKU-00035,toys,Januszex,67.29,2023-04-23,True
SKU-00036,electronics,Globex,733.86,2023-08-18,True
SKU-00037,books,Initech,136.98,2025-04-13,True
SKU-00038,books,Initech,272.14,2021-11-04,True
SKU-00039,sports,Januszex,928.7,2024-10-04,True
SKU-00040,music,Umbrella,404.6,2023-08-09,True
SKU-00041,beauty,WayneTech,899.72,2023-01-05,True
SKU-00042,music,Januszex,73.32,2020-08-06,True
SKU-00043,books,Januszex,591.97,2023-04-06,True
SKU-00044,apparel,Januszex,76.66,2023-08-09,True
SKU-00045,beauty,Globex,518.5,2024-11-15,True
SKU-00046,kitchen,Januszex,543.3,2023-09-09,True
SKU-00047,kitchen,Januszex,785.99,2021-10-30,True
SKU-00048,music,Globex,105.86,2023-06-26,True
SKU-00049,sports,Soylent,471.89,2021-03-08,True
SKU-00050,electronics,ACME,408.19,2024-07-09,True
SKU-00051,electronics,Januszex,199.48,2024-10-30,True
SKU-00052,home,Soylent,191.47,2022-09-17,True
SKU-00053,electronics,WayneTech,809.13,2022-05-05,True
SKU-00054,electronics,ACME,654.97,2021-04-10,True
SKU-00055,apparel,Globex,926.18,2020-11-10,True
SKU-00056,home,Soylent,490.3,2022-02-02,True
SKU-00057,sports,ACME,172.83,2024-01-15,True
SKU-00058,sports,Umbrella,926.33,2021-08-05,True
SKU-00059,toys,Soylent,698.93,2021-05-03,True
SKU-00060,books,WayneTech,163.09,2021-05-05,True
SKU-00061,apparel,StarkIndustries,70.29,2022-08-17,True
SKU-00062,apparel,WayneTech,507.32,2023-04-23,True
SKU-00063,home,ACME,960.21,2022-01-18,True
SKU-00064,home,Globex,598.49,2022-02-07,True
SKU-00065,music,Soylent,128.57,2020-08-02,True
SKU-00066,music,ACME,622.57,2023-07-31,True
SKU-00067,books,Wonka,934.42,2021-09-26,True
SKU-00068,beauty,Januszex,272.69,2025-01-13,True
SKU-00069,toys,WayneTech,322.7,2024-08-02,True
SKU-00070,electronics,ACME,463.24,2022-10-18,False
SKU-00071,electronics,Globex,541.72,2022-01-20,True
SKU-00072,home,Wonka,881.17,2024-08-24,True
SKU-00073,beauty,Umbrella,166.01,2021-06-25,True
SKU-00074,toys,StarkIndustries,17.74,2021-09-06,True
SKU-00075,toys,Globex,938.6,2021-01-14,True
SKU-00076,electronics,Globex,744.25,2022-04-27,True
SKU-00077,toys,Januszex,719.72,2022-03-06,True
SKU-00078,toys,StarkIndustries,493.16,2023-06-26,False
SKU-00079,apparel,Globex,637.31,2020-09-19,True
SKU-00080,apparel,ACME,339.89,2024-12-20,True
SKU-00081,toys,Initech,743.08,2022-04-01,True
SKU-00082,sports,StarkIndustries,19.56,2021-09-10,True
SKU-00083,home,StarkIndustries,45.63,2024-03-05,True
SKU-00084,books,Initech,435.06,2024-10-06,True
SKU-00085,beauty,ACME,899.04,2023-08-28,True
SKU-00086,music,Globex,359.79,2022-08-26,True
SKU-00087,sports,Initech,925.58,2022-12-20,True
SKU-00088,home,Initech,881.72,2025-06-16,True
SKU-00089,beauty,Soylent,803.41,2024-11-09,True
SKU-00090,music,Umbrella,167.45,2021-03-23,True
SKU-00091,sports,ACME,859.15,2025-04-20,True
SKU-00092,kitchen,Wonka,311.83,2021-10-16,True
SKU-00093,music,Januszex,33.4,2024-06-05,True
SKU-00094,beauty,Umbrella,864.85,2023-07-28,False
SKU-00095,toys,Wonka,644.43,2024-11-28,True
SKU-00096,books,Wonka,938.91,2023-12-20,True
SKU-00097,toys,Initech,584.2,2024-03-12,False
SKU-00098,apparel,Globex,600.01,2024-08-14,True
SKU-00099,beauty,Soylent,609.54,2023-02-07,True
SKU-00100,sports,Januszex,261.92,2023-10-20,True
SKU-00101,apparel,StarkIndustries,925.39,2025-04-23,True
SKU-00102,music,Wonka,436.55,2020-07-27,False
SKU-00103,beauty,Wonka,666.09,2025-06-10,True
SKU-00104,toys,StarkIndustries,315.88,2021-12-08,True
SKU-00105,sports,Umbrella,558.31,2021-02-10,True
SKU-00106,sports,Initech,618.74,2020-11-08,True
SKU-00107,books,ACME,310.53,2025-02-12,True
SKU-00108,beauty,WayneTech,446.93,2021-12-20,True
SKU-00109,books,WayneTech,795.0,2022-03-14,False
SKU-00110,home,Globex,290.66,2022-11-29,True
SKU-00111,beauty,Globex,819.42,2022-10-03,True
SKU-00112,toys,Januszex,807.69,2024-09-08,True
SKU-00113,apparel,Januszex,983.11,2025-06-01,True
SKU-00114,electronics,WayneTech,419.88,2020-12-23,True
SKU-00115,music,Soylent,498.94,2020-08-09,True
SKU-00116,apparel,Globex,779.86,2023-09-17,True
SKU-00117,books,WayneTech,59.67,2021-07-11,True
SKU-00118,electronics,WayneTech,141.87,2024-05-10,True
SKU-00119,books,StarkIndustries,598.9,2021-10-14,False
SKU-00120,kitchen,StarkIndustries,432.05,2023-08-02,False
SKU-00121,kitchen,Initech,745.48,2024-02-18,True
SKU-00122,toys,Januszex,840.62,2021-09-09,True
SKU-00123,books,WayneTech,629.85,2023-05-26,True
SKU-00124,electronics,Umbrella,241.91,2021-03-20,True
SKU-00125,books,Globex,146.85,2023-01-12,True
SKU-00126,home,Januszex,73.52,2025-07-15,True
SKU-00127,books,WayneTech,421.2,2021-05-10,True
SKU-00128,sports,Soylent,904.89,2021-03-28,True
SKU-00129,apparel,Soylent,481.73,2020-08-28,False
SKU-00130,toys,Soylent,854.06,2024-04-20,False
SKU-00131,sports,StarkIndustries,749.29,2021-11-07,True
SKU-00132,music,WayneTech,227.01,2021-11-22,True
SKU-00133,apparel,Soylent,342.43,2022-03-07,True
SKU-00134,sports,Initech,841.26,2022-06-28,False
SKU-00135,books,ACME,906.95,2025-05-02,True
SKU-00136,apparel,Globex,645.68,2020-08-01,True
SKU-00137,kitchen,Initech,59.73,2024-05-21,True
SKU-00138,music,WayneTech,333.25,2024-10-02,True
SKU-00139,sports,Umbrella,753.74,2023-10-12,True
SKU-00140,toys,Globex,475.13,2020-09-02,True
SKU-00141,apparel,Wonka,231.76,2021-02-03,True
SKU-00142,apparel,ACME,949.17,2021-08-13,True
SKU-00143,apparel,Initech,245.92,2022-04-16,True
SKU-00144,electronics,Januszex,469.92,2020-12-12,True
SKU-00145,beauty,Initech,609.23,2023-10-03,False
SKU-00146,electronics,Initech,964.11,2022-04-16,True
SKU-00147,apparel,Umbrella,579.46,2024-05-22,False
SKU-00148,sports,Soylent,941.11,2022-08-11,True
SKU-00149,music,Globex,699.52,2021-04-16,True
SKU-00150,electronics,ACME,353.38,2024-04-08,True
SKU-00151,beauty,Globex,510.4,2023-06-27,True
SKU-00152,sports,WayneTech,114.38,2024-07-05,False
SKU-00153,kitchen,Initech,440.7,2024-06-12,True
SKU-00154,toys,StarkIndustries,776.12,2021-11-20,True
SKU-00155,toys,Wonka,852.34,2024-02-24,True
SKU-00156,electronics,Umbrella,881.93,2023-01-18,True
SKU-00157,kitchen,Soylent,342.7,2022-08-24,True
SKU-00158,beauty,Initech,492.19,2025-01-22,True
SKU-00159,toys,Wonka,286.58,2024-08-08,True
SKU-00160,toys,StarkIndustries,20.04,2024-08-09,False
SKU-00161,electronics,Januszex,722.15,2024-03-25,True
SKU-00162,music,WayneTech,648.8,2024-05-30,True
SKU-00163,apparel,Globex,301.0,2022-10-30,True
SKU-00164,music,Umbrella,666.66,2021-07-14,True
SKU-00165,books,StarkIndustries,349.98,2020-09-03,False
SKU-00166,books,Wonka,357.94,2020-12-31,True
SKU-00167,toys,Umbrella,238.0,2022-08-25,True
SKU-00168,beauty,Globex,744.71,2022-08-30,False
SKU-00169,home,Januszex,224.0,2024-06-18,True
SKU-00170,books,Umbrella,979.73,2020-09-02,True
SKU-00171,toys,Januszex,366.91,2023-03-13,True
SKU-00172,books,Initech,281.29,2025-06-24,False
SKU-00173,books,Umbrella,699.75,2024-02-22,True
SKU-00174,kitchen,Globex,873.12,2023-01-27,True
SKU-00175,kitchen,WayneTech,445.62,2022-09-25,True
SKU-00176,apparel,Umbrella,940.71,2024-01-26,True
SKU-00177,electronics,Soylent,496.34,2021-04-05,True
SKU-00178,apparel,Initech,157.56,2025-02-12,True
SKU-00179,toys,Globex,992.99,2021-06-19,True
SKU-00180,sports,Januszex,777.16,2024-10-21,True
SKU-00181,kitchen,Umbrella,860.7,2021-11-04,False
SKU-00182,toys,ACME,612.92,2022-11-20,True
SKU-00183,music,Januszex,271.74,2022-07-02,True
SKU-00184,music,Initech,555.92,2024-10-28,True
SKU-00185,sports,WayneTech,691.79,2021-12-28,True
SKU-00186,apparel,Januszex,294.94,2021-10-03,True
SKU-00187,kitchen,Globex,689.82,2020-11-01,False
SKU-00188,music,Soylent,123.51,2020-10-05,True
SKU-00189,home,Umbrella,827.54,2024-06-23,True
SKU-00190,home,Umbrella,598.5,2022-02-09,True
SKU-00191,toys,WayneTech,132.99,2021-03-06,True
SKU-00192,sports,Umbrella,504.97,2022-04-06,True
SKU-00193,electronics,ACME,889.64,2022-06-05,True
SKU-00194,toys,ACME,100.32,2025-02-03,False
SKU-00195,apparel,Umbrella,579.91,2021-11-05,True
SKU-00196,home,WayneTech,523.26,2025-07-02,True
SKU-00197,toys,Initech,995.98,2024-12-25,True
SKU-00198,kitchen,Globex,474.84,2022-06-06,True
SKU-00199,beauty,Globex,858.3,2024-03-17,True
SKU-00200,kitchen,Umbrella,665.3,2021-12-27,True
SKU-00201,books,ACME,459.82,2023-11-05,True
SKU-00202,beauty,Globex,969.51,2022-01-11,True
SKU-00203,books,ACME,660.43,2020-12-27,True
SKU-00204,sports,ACME,195.52,2023-07-22,True
SKU-00205,kitchen,WayneTech,761.63,2023-12-08,True
SKU-00206,books,Initech,927.47,2025-02-12,True
SKU-00207,kitchen,Globex,38.55,2021-03-28,True
SKU-00208,music,Initech,317.33,2024-01-13,True
SKU-00209,sports,Globex,232.23,2023-11-13,True
SKU-00210,electronics,WayneTech,946.64,2025-05-07,True
SKU-00211,home,WayneTech,932.39,2023-01-26,True
SKU-00212,toys,Soylent,835.54,2021-02-28,False
SKU-00213,music,WayneTech,555.2,2022-09-05,True
SKU-00214,books,Initech,864.52,2021-11-16,True
SKU-00215,sports,Wonka,933.97,2021-12-28,True
SKU-00216,apparel,Umbrella,728.06,2025-04-08,True
SKU-00217,kitchen,Initech,451.64,2021-04-22,True
SKU-00218,beauty,StarkIndustries,764.48,2021-10-07,True
SKU-00219,beauty,Januszex,979.99,2024-05-29,True
SKU-00220,sports,Januszex,856.6,2022-02-09,True
SKU-00221,beauty,WayneTech,707.47,2022-12-05,True
SKU-00222,sports,Initech,499.88,2021-12-23,True
SKU-00223,books,Wonka,870.13,2024-08-16,True
SKU-00224,kitchen,Globex,530.17,2024-02-01,True
SKU-00225,home,Soylent,871.35,2023-09-21,False
SKU-00226,electronics,WayneTech,782.93,2023-12-05,True
SKU-00227,sports,Globex,852.4,2022-04-30,True
SKU-00228,books,Soylent,953.64,2025-04-11,True
SKU-00229,kitchen,StarkIndustries,45.5,2022-07-02,True
SKU-00230,toys,Januszex,748.55,2023-12-08,True
SKU-00231,electronics,Globex,448.8,2024-01-08,True
SKU-00232,apparel,ACME,330.81,2024-09-12,True
SKU-00233,beauty,Wonka,435.95,2025-03-12,True
SKU-00234,sports,Initech,178.11,2020-08-20,True
SKU-00235,sports,Januszex,502.19,2025-03-02,True
SKU-00236,music,WayneTech,640.89,2021-03-01,True
SKU-00237,apparel,WayneTech,901.3,2023-04-17,True
SKU-00238,home,Globex,446.87,2021-12-03,True
SKU-00239,toys,Soylent,692.72,2022-02-28,True
SKU-00240,toys,Januszex,998.38,2021-10-21,True
SKU-00241,electronics,Januszex,387.17,2025-06-24,True
SKU-00242,toys,Umbrella,31.7,2021-12-04,True
SKU-00243,sports,Umbrella,18.01,2020-11-29,True
SKU-00244,apparel,WayneTech,833.68,2024-07-02,False
SKU-00245,music,Wonka,226.6,2021-07-04,True
SKU-00246,toys,Initech,631.34,2022-09-02,False
SKU-00247,apparel,Umbrella,789.94,2023-12-08,True
SKU-00248,beauty,Initech,99.14,2021-07-15,True
SKU-00249,sports,Initech,208.59,2021-05-26,True
SKU-00250,beauty,StarkIndustries,506.28,2024-08-09,True
SKU-00251,home,Umbrella,913.99,2021-10-12,False
SKU-00252,toys,Wonka,805.39,2021-12-30,True
SKU-00253,electronics,Initech,755.86,2024-09-28,True
SKU-00254,sports,StarkIndustries,371.75,2021-06-27,True
SKU-00255,apparel,Umbrella,540.67,2023-01-11,True
SKU-00256,toys,Soylent,823.37,2022-08-24,False
SKU-00257,electronics,Januszex,476.29,2023-03-29,True
SKU-00258,books,Wonka,915.19,2022-07-07,True
SKU-00259,electronics,WayneTech,909.38,2021-05-16,True
SKU-00260,sports,Globex,148.24,2023-03-16,False
SKU-00261,toys,WayneTech,124.84,2023-01-03,True
SKU-00262,books,Initech,394.37,2022-08-13,True
SKU-00263,books,Soylent,590.88,2021-05-12,True
SKU-00264,sports,Globex,834.52,2021-01-13,True
SKU-00265,toys,ACME,692.69,2023-09-28,True
SKU-00266,kitchen,Januszex,856.04,2022-06-07,True
SKU-00267,beauty,StarkIndustries,901.78,2023-04-30,True
SKU-00268,apparel,Soylent,282.85,2021-03-17,False
SKU-00269,kitchen,Globex,665.48,2022-08-05,True
SKU-00270,apparel,ACME,788.14,2021-04-06,True
SKU-00271,home,Januszex,77.86,2024-09-19,True
SKU-00272,music,Januszex,814.11,2022-12-14,True
SKU-00273,home,ACME,284.22,2021-01-26,False
SKU-00274,home,StarkIndustries,257.9,2024-10-10,True
SKU-00275,apparel,Initech,24.7,2021-11-06,True
SKU-00276,music,Wonka,25.61,2024-01-31,True
SKU-00277,home,Soylent,530.3,2025-07-10,True
SKU-00278,kitchen,WayneTech,779.46,2024-06-10,True
SKU-00279,electronics,WayneTech,508.3,2024-07-06,False
SKU-00280,apparel,StarkIndustries,308.31,2024-11-05,True
SKU-00281,apparel,ACME,997.6,2023-11-18,True
SKU-00282,sports,Globex,494.88,2020-11-16,False
SKU-00283,electronics,Globex,328.57,2022-10-05,True
SKU-00284,home,Umbrella,627.45,2022-09-14,True
SKU-00285,beauty,Soylent,993.69,2020-08-25,True
SKU-00286,kitchen,StarkIndustries,608.77,2020-08-15,True
SKU-00287,electronics,StarkIndustries,722.91,2023-04-04,True
SKU-00288,kitchen,Januszex,419.26,2024-08-22,True
SKU-00289,sports,Soylent,731.59,2021-10-06,True
SKU-00290,beauty,Umbrella,380.18,2022-12-04,True
SKU-00291,kitchen,Globex,100.22,2023-07-22,True
SKU-00292,sports,Globex,746.4,2020-11-30,True
SKU-00293,home,StarkIndustries,69.32,2023-04-16,False
SKU-00294,books,Wonka,672.64,2023-05-30,True
SKU-00295,sports,ACME,967.75,2022-06-19,True
SKU-00296,beauty,Globex,581.56,2023-06-21,True
SKU-00297,kitchen,Januszex,847.95,2021-08-27,True
SKU-00298,books,Wonka,123.62,2022-09-26,True
SKU-00299,music,Soylent,845.86,2021-05-24,False
SKU-00300,books,ACME,612.3,2022-06-15,True
SKU-00301,toys,ACME,188.43,2021-04-19,True
SKU-00302,toys,Wonka,357.16,2023-12-27,True
SKU-00303,home,Soylent,78.82,2023-05-01,True
SKU-00304,apparel,Globex,747.9,2023-06-07,True
SKU-00305,sports,WayneTech,347.15,2020-09-23,True
SKU-00306,beauty,Globex,883.63,2023-08-31,True
SKU-00307,apparel,Globex,279.11,2023-06-14,True
SKU-00308,kitchen,WayneTech,419.63,2025-03-09,True
SKU-00309,books,Globex,351.38,2025-03-02,True
SKU-00310,kitchen,StarkIndustries,669.79,2024-02-17,True
SKU-00311,sports,ACME,17.6,2023-05-26,True
SKU-00312,music,Initech,765.76,2022-03-23,True
SKU-00313,electronics,ACME,501.91,2024-03-10,True
SKU-00314,home,Soylent,536.72,2020-09-23,True
SKU-00315,books,Wonka,81.28,2022-11-12,True
SKU-00316,apparel,Soylent,28.54,2021-03-19,False
SKU-00317,beauty,Soylent,577.09,2024-09-26,True
SKU-00318,sports,Umbrella,123.91,2020-12-11,True
SKU-00319,beauty,Initech,802.51,2023-02-13,True
SKU-00320,beauty,Globex,441.91,2023-04-10,True
SKU-00321,sports,Soylent,528.2,2023-10-28,True
SKU-00322,toys,Wonka,229.13,2022-11-16,True
SKU-00323,electronics,StarkIndustries,636.26,2022-02-23,True
SKU-00324,music,Wonka,357.24,2021-01-19,False
SKU-00325,home,Januszex,111.67,2020-11-19,True
SKU-00326,home,Initech,761.85,2022-11-29,True
SKU-00327,home,WayneTech,468.85,2020-09-10,True
SKU-00328,kitchen,Wonka,864.74,2023-11-06,True
SKU-00329,home,WayneTech,77.54,2023-01-26,True
SKU-00330,toys,Umbrella,594.91,2024-06-30,True
SKU-00331,electronics,Umbrella,466.66,2023-04-03,True
SKU-00332,beauty,Umbrella,85.89,2024-06-09,True
SKU-00333,electronics,StarkIndustries,390.25,2023-04-19,True
SKU-00334,apparel,WayneTech,909.05,2020-08-11,True
SKU-00335,music,Wonka,608.35,2022-08-18,True
SKU-00336,apparel,WayneTech,112.36,2023-03-18,True
SKU-00337,beauty,Globex,509.0,2022-10-13,True
SKU-00338,music,WayneTech,990.09,2023-12-07,True
SKU-00339,home,Wonka,378.75,2023-01-24,True
SKU-00340,sports,Wonka,681.43,2023-06-01,True
SKU-00341,beauty,Globex,336.06,2024-04-08,True
SKU-00342,sports,Umbrella,259.22,2021-10-20,True
SKU-00343,home,Wonka,90.61,2024-07-27,True
SKU-00344,beauty,Umbrella,967.05,2022-04-20,True
SKU-00345,sports,Initech,598.5,2021-09-12,False
SKU-00346,toys,StarkIndustries,382.54,2024-05-25,True
SKU-00347,home,StarkIndustries,102.42,2023-02-20,True
SKU-00348,books,Wonka,28.03,2025-07-05,True
SKU-00349,music,Wonka,947.24,2024-11-20,True
SKU-00350,music,Initech,163.24,2021-06-28,True
SKU-00351,electronics,StarkIndustries,772.4,2022-05-27,True
SKU-00352,books,ACME,664.65,2024-12-23,True
SKU-00353,home,Soylent,162.56,2025-03-31,True
SKU-00354,home,WayneTech,53.21,2024-02-16,True
SKU-00355,music,WayneTech,613.88,2022-05-24,True
SKU-00356,kitchen,Januszex,538.14,2024-02-03,True
SKU-00357,kitchen,Januszex,373.79,2024-07-31,False
SKU-00358,kitchen,WayneTech,770.97,2021-01-30,True
SKU-00359,books,StarkIndustries,424.06,2025-02-27,True
SKU-00360,music,Initech,873.4,2022-03-10,True
SKU-00361,kitchen,Wonka,558.44,2021-06-15,True
SKU-00362,books,Globex,291.93,2022-07-11,True
SKU-00363,toys,WayneTech,905.35,2024-04-26,True
SKU-00364,sports,Globex,946.0,2023-01-17,True
SKU-00365,kitchen,Wonka,930.24,2023-09-01,True
SKU-00366,sports,StarkIndustries,379.85,2024-08-14,True
SKU-00367,electronics,Wonka,232.07,2022-12-21,True
SKU-00368,electronics,Wonka,792.68,2021-04-02,True
SKU-00369,toys,WayneTech,698.42,2024-03-02,True
SKU-00370,kitchen,WayneTech,618.58,2024-07-09,False
SKU-00371,apparel,Umbrella,223.28,2020-08-22,True
SKU-00372,books,Soylent,119.96,2020-09-14,True
SKU-00373,toys,Globex,57.22,2023-06-27,True
SKU-00374,kitchen,Globex,119.64,2025-05-31,False
SKU-00375,books,ACME,635.0,2024-04-24,True
SKU-00376,home,Umbrella,434.52,2022-08-28,True
SKU-00377,music,Soylent,195.25,2024-04-11,True
SKU-00378,books,Wonka,76.93,2022-01-09,True
SKU-00379,books,StarkIndustries,558.06,2022-12-31,True
SKU-00380,kitchen,ACME,638.68,2021-01-16,False
SKU-00381,toys,ACME,363.17,2025-01-14,True
SKU-00382,music,Globex,773.01,2023-11-08,True
SKU-00383,beauty,Initech,53.85,2021-12-17,True
SKU-00384,home,WayneTech,980.03,2020-07-26,True
SKU-00385,home,Initech,72.41,2020-10-11,True
SKU-00386,kitchen,ACME,300.21,2023-01-21,True
SKU-00387,music,ACME,322.12,2023-10-26,True
SKU-00388,sports,StarkIndustries,478.19,2024-11-11,True
SKU-00389,music,Umbrella,363.05,2020-09-22,True
SKU-00390,beauty,Umbrella,133.11,2025-03-29,True
SKU-00391,sports,WayneTech,894.8,2024-04-29,True
SKU-00392,home,WayneTech,694.46,2023-11-15,True
SKU-00393,books,Umbrella,802.34,2022-08-07,True
SKU-00394,electronics,Soylent,605.83,2023-03-05,True
SKU-00395,books,Umbrella,327.68,2021-11-30,True
SKU-00396,toys,Umbrella,451.01,2021-04-09,True
SKU-00397,home,WayneTech,357.68,2023-07-29,True
SKU-00398,beauty,Soylent,281.54,2023-03-06,False
SKU-00399,apparel,Globex,673.8,2020-08-02,True
SKU-00400,books,Initech,952.31,2023-04-27,True
SKU-00401,kitchen,ACME,134.84,2022-03-05,True
SKU-00402,beauty,Wonka,388.64,2024-04-07,True
SKU-00403,home,WayneTech,948.39,2024-02-05,True
SKU-00404,electronics,Initech,533.64,2024-06-28,True
SKU-00405,toys,Januszex,959.95,2020-10-16,True
SKU-00406,home,WayneTech,522.05,2022-03-16,False
SKU-00407,electronics,Umbrella,776.44,2024-07-23,True
SKU-00408,music,Umbrella,696.35,2024-11-21,False
SKU-00409,music,Globex,144.24,2023-03-19,True
SKU-00410,home,WayneTech,996.29,2025-06-25,True
SKU-00411,beauty,Wonka,711.74,2024-08-01,True
SKU-00412,toys,Umbrella,852.0,2024-10-16,True
SKU-00413,home,Wonka,513.16,2020-12-21,True
SKU-00414,music,Initech,244.13,2021-08-21,True
SKU-00415,beauty,StarkIndustries,575.98,2023-08-11,True
SKU-00416,books,Initech,615.22,2023-06-01,True
SKU-00417,toys,Soylent,998.6,2021-02-02,True
SKU-00418,books,Soylent,770.7,2021-07-01,True
SKU-00419,electronics,Initech,971.68,2021-12-16,True
SKU-00420,kitchen,WayneTech,682.63,2021-04-30,True
SKU-00421,books,Initech,769.34,2024-10-04,True
SKU-00422,books,ACME,832.25,2023-01-12,True
SKU-00423,toys,Initech,170.19,2024-06-12,False
SKU-00424,music,Wonka,947.06,2024-07-26,True
SKU-00425,toys,Globex,257.85,2024-01-31,True
SKU-00426,books,Umbrella,133.79,2021-04-14,True
SKU-00427,books,Globex,507.04,2024-06-30,True
SKU-00428,home,Initech,661.49,2025-06-09,True
SKU-00429,beauty,ACME,826.16,2022-11-19,True
SKU-00430,apparel,Umbrella,653.97,2022-08-30,True
SKU-00431,sports,ACME,502.56,2023-04-17,True
SKU-00432,toys,Umbrella,487.63,2024-10-08,True
SKU-00433,sports,Umbrella,458.56,2023-03-16,True
SKU-00434,home,WayneTech,421.05,2025-04-06,True
SKU-00435,beauty,Initech,319.14,2020-12-29,True
SKU-00436,beauty,Soylent,139.33,2021-09-08,True
SKU-00437,books,Globex,325.61,2021-12-07,True
SKU-00438,toys,WayneTech,255.19,2021-04-22,True
SKU-00439,toys,Soylent,864.66,2024-12-31,True
SKU-00440,home,Wonka,933.48,2020-09-15,True
SKU-00441,music,Initech,502.78,2021-05-19,True
SKU-00442,kitchen,Umbrella,501.9,2021-12-21,True
SKU-00443,sports,StarkIndustries,462.2,2022-02-21,True
SKU-00444,beauty,ACME,59.98,2024-06-21,True
SKU-00445,kitchen,Umbrella,540.79,2023-01-31,True
SKU-00446,sports,Initech,882.75,2021-08-04,True
SKU-00447,sports,Wonka,54.74,2022-02-27,True
SKU-00448,books,Januszex,368.54,2025-04-10,True
SKU-00449,sports,StarkIndustries,455.4,2022-04-19,True
SKU-00450,electronics,Initech,974.36,2022-06-19,True
SKU-00451,beauty,StarkIndustries,938.62,2023-05-31,True
SKU-00452,music,StarkIndustries,406.97,2022-04-05,True
SKU-00453,apparel,Initech,715.74,2023-06-25,True
SKU-00454,books,WayneTech,157.3,2024-04-06,True
SKU-00455,home,Wonka,931.12,2024-12-15,True
SKU-00456,sports,Umbrella,597.19,2022-08-17,True
SKU-00457,books,StarkIndustries,494.46,2020-09-02,True
SKU-00458,kitchen,ACME,374.31,2021-05-13,True
SKU-00459,sports,Umbrella,797.99,2025-03-11,True
SKU-00460,apparel,WayneTech,272.61,2024-02-12,True
SKU-00461,music,ACME,587.1,2021-01-20,True
SKU-00462,sports,Initech,822.62,2025-05-22,True
SKU-00463,electronics,Januszex,28.73,2020-09-20,True
SKU-00464,home,Soylent,692.9,2020-08-18,True
SKU-00465,kitchen,ACME,708.01,2021-12-23,True
SKU-00466,books,Wonka,997.14,2022-06-20,True
SKU-00467,sports,Wonka,956.16,2020-11-11,True
SKU-00468,books,Wonka,550.26,2022-03-14,True
SKU-00469,toys,WayneTech,200.15,2025-06-22,True
SKU-00470,books,Umbrella,232.39,2021-11-25,False
SKU-00471,toys,Umbrella,707.15,2020-08-10,True
SKU-00472,kitchen,Wonka,484.53,2022-01-20,True
SKU-00473,toys,Umbrella,130.53,2022-06-17,True
SKU-00474,sports,Soylent,819.38,2020-07-18,False
SKU-00475,home,Umbrella,51.6,2024-11-08,False
SKU-00476,electronics,Wonka,923.85,2023-12-17,True
SKU-00477,kitchen,Januszex,209.85,2025-05-10,True
SKU-00478,books,Umbrella,145.76,2023-05-31,True
SKU-00479,music,Januszex,60.21,2021-04-23,False
SKU-00480,music,Januszex,61.91,2023-01-03,True
SKU-00481,kitchen,Globex,683.7,2023-05-13,True
SKU-00482,books,Initech,412.43,2021-04-20,False
SKU-00483,kitchen,WayneTech,653.38,2024-05-30,True
SKU-00484,toys,Wonka,292.28,2021-06-20,True
SKU-00485,electronics,Januszex,539.27,2022-12-25,True
SKU-00486,apparel,Initech,423.29,2024-04-29,True
SKU-00487,apparel,Soylent,789.29,2024-10-16,True
SKU-00488,toys,ACME,19.17,2021-12-01,True
SKU-00489,electronics,Wonka,291.43,2020-12-02,False
SKU-00490,books,StarkIndustries,498.48,2022-07-13,False
SKU-00491,books,WayneTech,279.84,2021-01-03,True
SKU-00492,beauty,Initech,733.08,2020-12-21,True
SKU-00493,home,ACME,738.52,2024-04-22,True
SKU-00494,music,Initech,614.23,2022-04-10,True
SKU-00495,sports,Soylent,519.61,2023-01-06,True
SKU-00496,electronics,Initech,980.89,2021-02-18,True
SKU-00497,music,ACME,267.92,2024-04-24,True
SKU-00498,toys,Wonka,308.62,2021-02-21,True
SKU-00499,apparel,Umbrella,656.49,2020-08-24,True
SKU-00500,apparel,Globex,470.28,2021-11-04,True
SKU-00501,books,Umbrella,692.7,2023-04-03,True
SKU-00502,toys,Wonka,617.86,2022-11-17,True
SKU-00503,home,WayneTech,161.5,2024-02-04,True
SKU-00504,beauty,Soylent,704.22,2022-02-15,False
SKU-00505,books,Januszex,763.48,2025-04-26,True
SKU-00506,electronics,StarkIndustries,451.83,2024-08-25,True
SKU-00507,electronics,Globex,71.08,2022-01-20,True
SKU-00508,books,Januszex,576.4,2025-05-07,True
SKU-00509,beauty,StarkIndustries,446.98,2024-09-24,True
SKU-00510,kitchen,Globex,899.0,2023-02-11,True
SKU-00511,apparel,WayneTech,140.49,2022-05-08,True
SKU-00512,apparel,StarkIndustries,467.29,2025-03-15,True
SKU-00513,apparel,Soylent,261.66,2025-06-11,True
SKU-00514,music,Globex,54.79,2024-06-26,True
SKU-00515,electronics,StarkIndustries,993.19,2020-12-11,False
SKU-00516,electronics,WayneTech,41.39,2024-03-27,True
SKU-00517,home,Soylent,380.34,2022-11-13,True
SKU-00518,kitchen,Soylent,381.51,2021-12-09,True
SKU-00519,books,Initech,656.35,2025-01-08,True
SKU-00520,home,StarkIndustries,398.73,2022-01-24,True
SKU-00521,music,ACME,757.86,2022-11-17,False
SKU-00522,kitchen,StarkIndustries,429.46,2023-09-19,True
SKU-00523,music,Januszex,465.56,2024-05-20,True
SKU-00524,music,Globex,41.86,2021-02-02,True
SKU-00525,apparel,Januszex,213.81,2020-12-07,True
SKU-00526,apparel,WayneTech,601.21,2024-06-02,True
SKU-00527,apparel,Januszex,742.4,2022-06-19,True
SKU-00528,music,StarkIndustries,224.88,2023-02-21,True
SKU-00529,apparel,Initech,508.35,2023-07-20,True
SKU-00530,beauty,Wonka,244.3,2025-06-03,True
SKU-00531,books,Januszex,419.01,2022-09-22,True
SKU-00532,books,Initech,629.11,2020-09-10,True
SKU-00533,kitchen,ACME,971.6,2023-04-10,False
SKU-00534,sports,StarkIndustries,325.23,2022-03-09,True
SKU-00535,home,Umbrella,382.32,2021-12-15,True
SKU-00536,kitchen,Januszex,850.0,2024-01-09,True
SKU-00537,home,WayneTech,914.68,2022-04-12,True
SKU-00538,sports,StarkIndustries,534.16,2024-12-27,True
SKU-00539,toys,Januszex,336.63,2022-08-12,True
SKU-00540,kitchen,Wonka,101.45,2021-01-14,True
SKU-00541,music,ACME,275.51,2020-09-30,True
SKU-00542,apparel,Globex,196.09,2025-04-16,True
SKU-00543,books,Januszex,484.12,2020-10-22,True
SKU-00544,beauty,Umbrella,956.49,2021-07-07,True
SKU-00545,music,Globex,748.66,2023-01-01,True
SKU-00546,music,Januszex,402.27,2024-05-08,True
SKU-00547,beauty,Umbrella,386.47,2020-11-26,True
SKU-00548,beauty,Umbrella,268.68,2022-12-19,True
SKU-00549,kitchen,WayneTech,107.52,2023-12-23,False
SKU-00550,kitchen,Wonka,914.27,2024-04-03,True
SKU-00551,sports,ACME,566.34,2023-01-10,True
SKU-00552,home,ACME,267.91,2025-04-17,False
SKU-00553,sports,Umbrella,160.73,2025-04-17,True
SKU-00554,sports,Januszex,503.81,2022-02-20,True
SKU-00555,beauty,Umbrella,764.96,2022-03-18,True
SKU-00556,kitchen,WayneTech,176.38,2024-04-10,True
SKU-00557,home,Initech,722.39,2021-08-02,True
SKU-00558,books,ACME,528.18,2024-07-25,True
SKU-00559,electronics,ACME,765.93,2023-07-12,True
SKU-00560,music,Globex,709.39,2021-07-30,True
SKU-00561,books,WayneTech,379.1,2022-08-10,True
SKU-00562,kitchen,WayneTech,25.56,2022-05-16,True
SKU-00563,sports,ACME,26.54,2020-10-17,True
SKU-00564,books,Umbrella,26.95,2024-10-22,True
SKU-00565,sports,Initech,115.84,2022-03-30,True
SKU-00566,home,Januszex,199.82,2020-12-15,True
SKU-00567,beauty,Umbrella,796.19,2021-03-05,True
SKU-00568,sports,WayneTech,568.79,2024-09-28,False
SKU-00569,music,Umbrella,686.52,2021-12-12,True
SKU-00570,apparel,Globex,410.82,2020-08-27,True
SKU-00571,kitchen,ACME,639.74,2023-10-16,True
SKU-00572,electronics,WayneTech,846.03,2023-03-31,True
SKU-00573,beauty,Globex,894.95,2021-12-18,False
SKU-00574,music,Januszex,901.36,2021-03-07,True
SKU-00575,kitchen,Umbrella,56.05,2021-10-20,True
SKU-00576,toys,StarkIndustries,567.31,2021-07-14,True
SKU-00577,beauty,ACME,960.89,2022-03-30,True
SKU-00578,sports,Globex,305.98,2022-01-06,True
SKU-00579,sports,StarkIndustries,338.08,2020-09-08,True
SKU-00580,home,Globex,505.28,2023-02-13,False
SKU-00581,apparel,Globex,442.28,2023-06-27,True
SKU-00582,beauty,Soylent,968.26,2022-08-18,True
SKU-00583,toys,WayneTech,495.21,2022-10-12,True
SKU-00584,sports,Soylent,193.69,2023-10-16,True
SKU-00585,sports,Globex,773.67,2020-07-22,True
SKU-00586,music,Globex,91.14,2021-04-02,True
SKU-00587,home,Soylent,323.19,2022-07-20,True
SKU-00588,apparel,Umbrella,449.84,2025-02-28,True
SKU-00589,electronics,Initech,96.34,2022-09-19,True
SKU-00590,books,StarkIndustries,516.8,2024-11-27,True
SKU-00591,electronics,Wonka,558.12,2020-08-15,True
SKU-00592,beauty,Soylent,22.2,2023-06-17,True
SKU-00593,electronics,StarkIndustries,905.25,2021-06-23,False
SKU-00594,books,Initech,687.78,2023-10-13,True
SKU-00595,toys,Umbrella,275.45,2021-01-29,True
SKU-00596,home,Soylent,282.93,2022-05-09,True
SKU-00597,electronics,Wonka,258.93,2020-07-19,True
SKU-00598,kitchen,Januszex,462.83,2021-03-26,True
SKU-00599,apparel,Soylent,338.56,2022-08-03,True
SKU-00600,beauty,WayneTech,341.05,2022-08-15,True
SKU-00601,home,Umbrella,327.14,2024-07-01,False
SKU-00602,music,WayneTech,320.73,2025-06-26,False
SKU-00603,beauty,Umbrella,736.79,2025-01-20,True
SKU-00604,music,Wonka,381.92,2023-03-11,True
SKU-00605,sports,Wonka,122.64,2022-10-13,True
SKU-00606,books,Initech,684.21,2024-10-28,True
SKU-00607,kitchen,Januszex,443.63,2024-10-26,True
SKU-00608,electronics,Soylent,675.57,2025-01-31,True
SKU-00609,toys,Januszex,259.9,2023-01-24,True
SKU-00610,sports,Soylent,83.15,2024-09-28,False
SKU-00611,kitchen,Soylent,538.49,2022-04-28,False
SKU-00612,sports,StarkIndustries,46.36,2024-10-29,False
SKU-00613,books,Globex,118.17,2022-11-23,True
SKU-00614,beauty,Initech,649.88,2023-01-13,True
SKU-00615,sports,Wonka,965.09,2023-10-23,True
SKU-00616,apparel,Globex,265.89,2021-11-14,True
SKU-00617,books,StarkIndustries,584.13,2021-01-01,True
SKU-00618,kitchen,Wonka,396.83,2022-03-15,True
SKU-00619,books,Initech,351.17,2021-03-29,True
SKU-00620,electronics,Umbrella,421.4,2021-06-28,False
SKU-00621,electronics,Initech,354.5,2021-07-28,True
SKU-00622,music,StarkIndustries,487.61,2022-03-22,True
SKU-00623,kitchen,WayneTech,325.4,2021-04-29,True
SKU-00624,electronics,ACME,849.84,2022-12-05,True
SKU-00625,home,Januszex,520.32,2020-12-06,True
SKU-00626,beauty,StarkIndustries,431.68,2023-01-26,True
SKU-00627,sports,Initech,194.34,2024-07-19,True
SKU-00628,sports,ACME,739.28,2021-11-12,True
SKU-00629,kitchen,Soylent,394.56,2025-04-18,True
SKU-00630,music,Umbrella,754.05,2022-03-18,True
SKU-00631,electronics,Globex,800.71,2021-09-21,True
SKU-00632,beauty,Wonka,204.91,2024-12-27,True
SKU-00633,kitchen,StarkIndustries,965.29,2025-05-25,True
SKU-00634,sports,Soylent,590.55,2020-09-15,True
SKU-00635,kitchen,Initech,814.79,2022-07-04,True
SKU-00636,toys,Globex,674.72,2021-11-05,True
SKU-00637,music,Umbrella,125.66,2023-02-09,True
SKU-00638,home,StarkIndustries,394.19,2022-11-25,True
SKU-00639,sports,Soylent,193.71,2023-08-30,True
SKU-00640,home,StarkIndustries,175.03,2024-11-19,True
SKU-00641,home,Wonka,842.72,2024-04-14,True
SKU-00642,beauty,ACME,489.28,2023-01-20,True
SKU-00643,sports,StarkIndustries,509.88,2025-01-28,True
SKU-00644,kitchen,Soylent,712.33,2022-03-27,True
SKU-00645,home,Globex,569.18,2024-02-25,True
SKU-00646,music,Umbrella,42.34,2023-10-15,True
SKU-00647,toys,Initech,782.15,2025-07-12,True
SKU-00648,kitchen,StarkIndustries,515.19,2021-01-24,True
SKU-00649,toys,StarkIndustries,824.23,2022-11-24,True
SKU-00650,apparel,WayneTech,550.34,2024-12-16,False
SKU-00651,electronics,Januszex,304.43,2024-05-02,False
SKU-00652,kitchen,Umbrella,354.74,2023-12-01,True
SKU-00653,kitchen,Globex,777.1,2022-11-02,True
SKU-00654,beauty,Soylent,174.16,2023-04-07,True
SKU-00655,music,Januszex,806.58,2022-06-30,True
SKU-00656,books,Umbrella,600.29,2020-12-16,True
SKU-00657,toys,Umbrella,576.44,2023-04-22,False
SKU-00658,books,Globex,144.1,2025-01-01,True
SKU-00659,sports,ACME,991.57,2024-02-16,True
SKU-00660,home,Initech,256.93,2022-01-28,True
SKU-00661,music,Soylent,494.07,2021-02-17,True
SKU-00662,toys,Soylent,381.05,2023-11-08,True
SKU-00663,electronics,Soylent,519.94,2022-12-13,True
SKU-00664,beauty,WayneTech,949.8,2025-04-18,True
SKU-00665,apparel,Globex,732.89,2024-10-04,True
SKU-00666,beauty,Globex,796.93,2023-07-25,True
SKU-00667,sports,Januszex,499.27,2020-09-07,True
SKU-00668,toys,Wonka,551.29,2022-03-10,True
SKU-00669,kitchen,Wonka,894.32,2023-09-23,True
SKU-00670,apparel,Globex,629.29,2025-05-02,True
SKU-00671,apparel,Globex,929.21,2024-10-11,True
SKU-00672,kitchen,ACME,990.93,2021-08-27,True
SKU-00673,home,Umbrella,167.23,2022-05-02,False
SKU-00674,toys,Globex,657.39,2024-02-21,True
SKU-00675,beauty,Initech,61.22,2022-08-28,True
SKU-00676,music,Soylent,658.27,2024-10-31,True
SKU-00677,apparel,Januszex,481.56,2022-04-21,True
SKU-00678,music,StarkIndustries,682.5,2021-08-16,True
SKU-00679,beauty,Globex,987.29,2023-10-25,True
SKU-00680,home,WayneTech,80.05,2025-02-08,True
SKU-00681,electronics,Globex,319.9,2021-08-09,True
SKU-00682,home,Soylent,774.95,2021-03-08,True
SKU-00683,home,Initech,77.66,2025-03-17,True
SKU-00684,home,WayneTech,357.32,2023-10-07,True
SKU-00685,home,Soylent,619.3,2021-03-05,True
SKU-00686,music,Globex,896.73,2022-04-20,True
SKU-00687,electronics,Soylent,357.67,2021-10-10,True
SKU-00688,home,Januszex,283.92,2024-12-26,True
SKU-00689,books,Umbrella,780.4,2021-10-29,True
SKU-00690,toys,Januszex,522.05,2023-12-01,True
SKU-00691,sports,Umbrella,649.06,2024-10-28,True
SKU-00692,music,WayneTech,391.64,2023-07-26,True
SKU-00693,electronics,StarkIndustries,888.95,2024-12-28,True
SKU-00694,beauty,Wonka,140.53,2021-05-11,True
SKU-00695,sports,Wonka,550.35,2024-05-19,True
SKU-00696,kitchen,Globex,26.51,2020-10-14,True
SKU-00697,toys,Januszex,49.39,2022-04-27,True
SKU-00698,sports,StarkIndustries,293.34,2025-01-19,True
SKU-00699,sports,Soylent,704.09,2024-10-04,True
SKU-00700,books,StarkIndustries,619.27,2024-03-16,True
SKU-00701,toys,Globex,515.68,2022-03-31,True
SKU-00702,home,StarkIndustries,333.16,2021-05-05,True
SKU-00703,electronics,Umbrella,700.99,2023-10-20,True
SKU-00704,music,ACME,251.79,2024-08-05,False
SKU-00705,electronics,WayneTech,615.56,2023-09-30,True
SKU-00706,home,Globex,22.53,2021-09-17,True
SKU-00707,apparel,Initech,500.95,2021-03-10,True
SKU-00708,books,Umbrella,175.13,2024-02-05,True
SKU-00709,toys,Globex,772.94,2021-10-25,True
SKU-00710,sports,Umbrella,528.09,2025-07-05,True
SKU-00711,electronics,WayneTech,460.19,2024-04-27,True
SKU-00712,kitchen,Initech,373.64,2023-10-12,True
SKU-00713,electronics,Globex,235.89,2025-01-11,True
SKU-00714,apparel,ACME,251.86,2020-09-28,True
SKU-00715,sports,Initech,186.99,2020-10-14,False
SKU-00716,apparel,StarkIndustries,804.28,2025-06-24,True
SKU-00717,sports,Januszex,328.26,2022-09-26,True
SKU-00718,beauty,Umbrella,826.91,2025-03-04,True
SKU-00719,electronics,StarkIndustries,675.92,2021-06-20,True
SKU-00720,music,StarkIndustries,980.62,2022-10-29,False
SKU-00721,electronics,WayneTech,866.51,2024-09-26,True
SKU-00722,toys,Wonka,95.44,2022-09-02,True
SKU-00723,beauty,Januszex,298.39,2023-12-29,True
SKU-00724,music,WayneTech,374.22,2024-11-07,False
SKU-00725,music,StarkIndustries,762.12,2020-11-22,True
SKU-00726,apparel,Soylent,33.65,2025-06-09,True
SKU-00727,apparel,Wonka,11.45,2023-08-04,True
SKU-00728,toys,Globex,212.94,2022-02-28,False
SKU-00729,sports,WayneTech,960.61,2024-04-22,False
SKU-00730,home,Umbrella,102.0,2023-02-17,False
SKU-00731,books,Soylent,703.14,2024-08-30,True
SKU-00732,electronics,Globex,509.87,2022-11-19,True
SKU-00733,sports,Globex,595.38,2023-01-24,True
SKU-00734,home,Januszex,298.47,2024-02-08,True
SKU-00735,sports,Wonka,324.56,2023-08-26,True
SKU-00736,electronics,Januszex,144.61,2023-05-12,True
SKU-00737,electronics,Initech,114.5,2025-03-26,True
SKU-00738,beauty,Soylent,129.41,2021-01-15,True
SKU-00739,music,WayneTech,314.92,2024-02-27,True
SKU-00740,electronics,Globex,165.88,2024-01-26,True
SKU-00741,apparel,Januszex,836.73,2023-06-12,True
SKU-00742,electronics,Januszex,967.75,2022-01-27,True
SKU-00743,apparel,Umbrella,267.3,2025-03-01,False
SKU-00744,apparel,Soylent,855.2,2022-01-27,True
SKU-00745,books,Januszex,103.68,2024-03-29,True
SKU-00746,home,Globex,21.83,2021-04-19,True
SKU-00747,music,Initech,205.95,2021-09-04,True
SKU-00748,electronics,Umbrella,917.34,2022-04-18,True
SKU-00749,electronics,Januszex,902.57,2021-02-21,True
SKU-00750,home,Globex,905.12,2022-01-06,True
SKU-00751,beauty,Globex,52.23,2020-11-17,True
SKU-00752,home,Soylent,822.65,2020-07-24,True
SKU-00753,apparel,Soylent,685.7,2023-05-30,True
SKU-00754,music,Initech,281.96,2021-03-18,True
SKU-00755,home,ACME,617.35,2023-07-13,True
SKU-00756,toys,WayneTech,417.46,2021-08-26,True
SKU-00757,apparel,Globex,286.7,2021-02-25,True
SKU-00758,music,StarkIndustries,256.41,2024-04-10,False
SKU-00759,books,ACME,988.52,2025-01-16,True
SKU-00760,beauty,WayneTech,548.53,2023-11-11,True
SKU-00761,books,Wonka,394.11,2020-10-01,True
SKU-00762,beauty,Januszex,38.98,2024-03-17,True
SKU-00763,toys,ACME,809.76,2022-04-02,True
SKU-00764,beauty,Januszex,973.27,2021-09-18,True
SKU-00765,music,Umbrella,537.82,2021-07-11,True
SKU-00766,apparel,Januszex,579.36,2023-01-16,False
SKU-00767,sports,Wonka,934.92,2021-09-06,False
SKU-00768,home,Initech,243.95,2021-07-05,True
SKU-00769,beauty,ACME,705.71,2024-06-08,True
SKU-00770,home,Januszex,837.49,2022-01-31,True
SKU-00771,kitchen,StarkIndustries,315.65,2021-06-30,True
SKU-00772,electronics,ACME,240.06,2024-10-25,True
SKU-00773,books,WayneTech,10.68,2021-10-30,False
SKU-00774,music,Initech,347.01,2021-05-23,True
SKU-00775,beauty,ACME,31.67,2022-09-19,True
SKU-00776,home,Globex,847.17,2024-02-20,True
SKU-00777,electronics,Wonka,706.79,2024-12-10,True
SKU-00778,electronics,Wonka,308.45,2023-12-26,True
SKU-00779,home,Soylent,793.13,2021-03-28,False
SKU-00780,beauty,Initech,709.4,2024-05-21,True
SKU-00781,beauty,Januszex,668.21,2021-08-21,True
SKU-00782,sports,Umbrella,735.92,2023-01-11,True
SKU-00783,home,ACME,948.35,2021-04-23,False
SKU-00784,sports,ACME,190.08,2025-04-25,True
SKU-00785,music,Globex,936.38,2024-09-22,True
SKU-00786,electronics,Januszex,353.0,2024-12-19,True
SKU-00787,electronics,Wonka,451.72,2024-10-26,True
SKU-00788,music,Globex,356.63,2020-09-08,True
SKU-00789,apparel,ACME,391.69,2024-01-17,True
SKU-00790,home,Soylent,497.66,2021-02-15,True
SKU-00791,books,Soylent,110.31,2023-03-27,True
SKU-00792,music,Initech,456.32,2022-06-08,True
SKU-00793,apparel,Umbrella,29.86,2022-12-02,True
SKU-00794,electronics,Globex,348.05,2021-10-13,True
SKU-00795,home,Globex,551.03,2021-06-20,True
SKU-00796,electronics,Wonka,597.5,2024-07-08,True
SKU-00797,kitchen,ACME,436.58,2023-03-11,True
SKU-00798,sports,Initech,62.97,2024-08-11,True
SKU-00799,music,Soylent,699.53,2021-05-27,True
SKU-00800,books,Umbrella,663.33,2024-05-24,True
SKU-00801,electronics,ACME,398.58,2021-07-04,True
SKU-00802,kitchen,Initech,63.91,2021-05-13,True
SKU-00803,electronics,Umbrella,824.83,2023-04-02,True
SKU-00804,kitchen,Januszex,105.92,2024-03-23,True
SKU-00805,toys,Globex,478.36,2022-11-23,True
SKU-00806,sports,WayneTech,493.72,2022-02-11,True
SKU-00807,electronics,StarkIndustries,393.26,2021-04-04,True
SKU-00808,sports,Wonka,194.53,2021-03-11,True
SKU-00809,kitchen,WayneTech,270.5,2022-02-03,True
SKU-00810,apparel,Initech,753.96,2020-09-01,True
SKU-00811,electronics,Wonka,809.29,2024-12-04,True
SKU-00812,music,StarkIndustries,70.31,2025-04-27,True
SKU-00813,books,Soylent,965.01,2022-04-07,True
SKU-00814,kitchen,Januszex,481.02,2024-04-03,True
SKU-00815,apparel,StarkIndustries,574.94,2023-11-17,True
SKU-00816,home,Globex,948.81,2022-12-19,True
SKU-00817,home,Januszex,809.57,2022-09-26,True
SKU-00818,sports,Globex,987.41,2020-09-16,True
SKU-00819,home,Umbrella,326.23,2023-10-06,True
SKU-00820,electronics,Globex,393.83,2020-11-05,True
SKU-00821,beauty,Umbrella,523.97,2023-09-01,False
SKU-00822,apparel,StarkIndustries,783.09,2023-06-11,True
SKU-00823,home,Initech,570.36,2023-05-20,True
SKU-00824,electronics,Globex,566.49,2023-03-03,True
SKU-00825,toys,StarkIndustries,880.45,2021-11-24,True
SKU-00826,toys,Soylent,657.59,2020-07-19,True
SKU-00827,kitchen,ACME,180.31,2024-11-01,True
SKU-00828,sports,ACME,401.44,2023-04-19,True
SKU-00829,music,ACME,747.55,2025-06-29,False
SKU-00830,beauty,ACME,344.15,2023-02-21,True
SKU-00831,toys,Umbrella,843.58,2022-12-23,True
SKU-00832,electronics,Januszex,142.91,2022-03-07,False
SKU-00833,kitchen,Wonka,276.46,2023-03-09,True
SKU-00834,electronics,Januszex,446.86,2024-01-28,False
SKU-00835,sports,WayneTech,761.14,2025-03-18,True
SKU-00836,apparel,StarkIndustries,792.78,2023-11-09,True
SKU-00837,books,Soylent,144.16,2021-07-31,True
SKU-00838,apparel,Initech,200.64,2025-05-16,True
SKU-00839,apparel,Januszex,42.71,2023-01-15,True
SKU-00840,beauty,Januszex,280.96,2022-12-24,True
SKU-00841,books,Soylent,638.42,2021-10-12,True
SKU-00842,apparel,Januszex,378.37,2024-07-31,True
SKU-00843,home,WayneTech,590.42,2025-03-25,True
SKU-00844,home,Umbrella,750.72,2025-02-12,True
SKU-00845,toys,ACME,392.31,2024-01-12,True
SKU-00846,music,Januszex,650.26,2021-12-14,True
SKU-00847,toys,Soylent,517.64,2021-02-03,True
SKU-00848,apparel,WayneTech,911.49,2021-03-13,True
SKU-00849,apparel,Januszex,259.61,2022-04-26,True
SKU-00850,toys,Umbrella,429.14,2021-11-03,True
SKU-00851,beauty,WayneTech,259.23,2022-12-04,True
SKU-00852,books,Soylent,588.06,2024-06-05,True
SKU-00853,beauty,StarkIndustries,650.22,2020-11-28,True
SKU-00854,toys,Globex,486.44,2024-04-21,True
SKU-00855,toys,Wonka,862.02,2022-11-02,True
SKU-00856,toys,Januszex,158.28,2023-02-11,True
SKU-00857,apparel,Soylent,663.26,2024-09-10,True
SKU-00858,apparel,WayneTech,996.5,2020-09-20,True
SKU-00859,sports,Soylent,394.0,2022-06-26,True
SKU-00860,music,Wonka,728.56,2023-07-25,True
SKU-00861,books,WayneTech,906.55,2023-04-17,True
SKU-00862,books,Umbrella,846.12,2025-05-22,True
SKU-00863,books,Initech,300.55,2023-01-19,True
SKU-00864,toys,StarkIndustries,764.53,2021-03-28,True
SKU-00865,beauty,Globex,229.81,2023-03-30,True
SKU-00866,toys,Soylent,789.42,2023-02-16,True
SKU-00867,toys,Umbrella,468.66,2023-06-29,True
SKU-00868,apparel,Globex,477.03,2024-11-07,True
SKU-00869,electronics,Soylent,534.01,2022-08-05,True
SKU-00870,home,Initech,991.43,2025-01-27,True
SKU-00871,kitchen,Initech,322.9,2023-04-19,True
SKU-00872,electronics,WayneTech,338.97,2023-08-10,False
SKU-00873,beauty,ACME,14.66,2024-07-24,True
SKU-00874,home,Initech,494.19,2025-07-08,True
SKU-00875,electronics,Initech,617.72,2022-10-17,True
SKU-00876,sports,Soylent,964.71,2023-02-20,True
SKU-00877,apparel,StarkIndustries,207.22,2022-06-28,True
SKU-00878,apparel,Wonka,758.52,2020-08-11,True
SKU-00879,apparel,ACME,629.79,2021-10-07,True
SKU-00880,beauty,Umbrella,137.51,2020-12-23,True
SKU-00881,toys,Initech,74.57,2024-04-08,True
SKU-00882,toys,WayneTech,729.83,2024-06-28,True
SKU-00883,beauty,Soylent,888.21,2023-09-14,False
SKU-00884,beauty,WayneTech,365.3,2025-04-20,True
SKU-00885,sports,ACME,235.91,2021-08-10,True
SKU-00886,home,Januszex,736.0,2025-02-13,True
SKU-00887,home,Globex,372.56,2020-09-11,True
SKU-00888,apparel,Soylent,876.9,2020-11-10,True
SKU-00889,books,ACME,597.39,2022-01-27,True
SKU-00890,electronics,ACME,57.7,2022-12-17,True
SKU-00891,kitchen,Soylent,132.24,2022-09-27,True
SKU-00892,home,Januszex,697.54,2023-11-18,True
SKU-00893,toys,Soylent,664.39,2024-11-16,True
SKU-00894,toys,Initech,424.22,2021-09-16,True
SKU-00895,books,Globex,289.6,2021-05-22,True
SKU-00896,kitchen,Januszex,612.3,2022-12-02,True
SKU-00897,books,Januszex,363.98,2020-08-21,True
SKU-00898,home,ACME,552.11,2021-09-01,False
SKU-00899,kitchen,Wonka,241.93,2022-04-13,True
SKU-00900,electronics,Globex,836.04,2020-11-03,True
SKU-00901,home,Globex,780.95,2023-01-05,True
SKU-00902,electronics,Umbrella,647.25,2022-12-21,True
SKU-00903,toys,Umbrella,469.17,2023-05-15,True
SKU-00904,home,ACME,852.87,2024-03-27,True
SKU-00905,beauty,Soylent,740.42,2021-05-06,True
SKU-00906,apparel,ACME,852.63,2025-03-29,True
SKU-00907,home,Wonka,363.59,2024-12-21,True
SKU-00908,toys,Globex,378.52,2021-01-05,True
SKU-00909,electronics,Soylent,405.85,2021-11-30,True
SKU-00910,sports,WayneTech,801.1,2023-06-07,True
SKU-00911,home,Globex,141.05,2021-08-08,True
SKU-00912,home,Globex,421.45,2023-03-18,True
SKU-00913,kitchen,Initech,614.6,2022-12-01,True
SKU-00914,apparel,Initech,487.77,2023-09-04,True
SKU-00915,sports,WayneTech,55.47,2020-08-26,True
SKU-00916,beauty,ACME,706.82,2024-06-18,True
SKU-00917,music,Wonka,523.39,2021-09-02,True
SKU-00918,electronics,Soylent,664.43,2022-07-17,True
SKU-00919,beauty,Soylent,157.02,2022-12-18,True
SKU-00920,apparel,ACME,646.32,2021-01-15,True
SKU-00921,kitchen,WayneTech,869.85,2024-11-10,True
SKU-00922,kitchen,Wonka,248.24,2022-11-07,False
SKU-00923,apparel,StarkIndustries,230.26,2022-07-02,True
SKU-00924,sports,Januszex,87.96,2022-01-14,True
SKU-00925,kitchen,Globex,857.17,2024-08-05,True
SKU-00926,electronics,WayneTech,747.04,2024-02-25,True
SKU-00927,sports,Soylent,45.44,2023-02-09,True
SKU-00928,electronics,Umbrella,890.32,2024-03-07,True
SKU-00929,kitchen,Wonka,369.35,2020-12-22,True
SKU-00930,music,WayneTech,338.32,2024-02-18,True
SKU-00931,kitchen,Wonka,718.04,2023-10-13,True
SKU-00932,music,ACME,347.6,2023-04-07,True
SKU-00933,toys,StarkIndustries,526.24,2025-04-29,True
SKU-00934,apparel,Initech,497.01,2021-10-12,True
SKU-00935,sports,Globex,261.49,2024-02-10,True
SKU-00936,electronics,Soylent,223.22,2023-07-23,True
SKU-00937,music,Wonka,116.58,2024-02-25,True
SKU-00938,electronics,WayneTech,462.36,2021-04-09,True
SKU-00939,books,Initech,963.25,2025-05-17,True
SKU-00940,apparel,StarkIndustries,935.02,2021-08-19,True
SKU-00941,kitchen,StarkIndustries,782.49,2021-10-21,False
SKU-00942,home,Initech,112.41,2024-04-17,True
SKU-00943,beauty,StarkIndustries,881.7,2024-07-15,True
SKU-00944,music,Umbrella,403.49,2022-02-01,True
SKU-00945,toys,WayneTech,805.94,2022-08-13,True
SKU-00946,books,Umbrella,843.8,2022-03-23,True
SKU-00947,beauty,StarkIndustries,635.62,2023-07-31,True
SKU-00948,toys,Wonka,921.06,2023-11-16,True
SKU-00949,home,StarkIndustries,546.52,2024-10-05,True
SKU-00950,electronics,Wonka,566.1,2023-10-17,True
SKU-00951,sports,StarkIndustries,292.78,2024-03-19,True
SKU-00952,apparel,StarkIndustries,115.3,2024-11-09,True
SKU-00953,apparel,ACME,207.7,2022-01-28,True
SKU-00954,home,Umbrella,685.87,2024-03-12,True
SKU-00955,apparel,Umbrella,211.76,2024-03-19,True
SKU-00956,beauty,WayneTech,111.35,2021-01-26,True
SKU-00957,books,Januszex,744.25,2020-07-21,True
SKU-00958,music,StarkIndustries,785.68,2024-04-18,True
SKU-00959,toys,ACME,926.29,2024-10-07,True
SKU-00960,beauty,StarkIndustries,63.21,2023-04-03,True
SKU-00961,music,WayneTech,830.85,2025-06-15,False
SKU-00962,beauty,StarkIndustries,740.33,2024-03-02,True
SKU-00963,music,Umbrella,453.88,2022-05-21,False
SKU-00964,electronics,Initech,961.89,2022-07-24,True
SKU-00965,electronics,Soylent,50.19,2022-03-15,True
SKU-00966,toys,Initech,169.16,2020-12-08,True
SKU-00967,apparel,Wonka,471.2,2021-01-14,False
SKU-00968,apparel,Initech,928.41,2021-06-14,True
SKU-00969,toys,WayneTech,791.22,2024-01-17,True
SKU-00970,electronics,Wonka,529.62,2024-12-11,False
SKU-00971,books,Globex,787.61,2021-07-16,True
SKU-00972,books,StarkIndustries,408.98,2020-11-14,True
SKU-00973,music,Wonka,337.42,2023-09-16,True
SKU-00974,books,WayneTech,995.67,2022-09-18,True
SKU-00975,apparel,Globex,671.58,2021-07-19,True
SKU-00976,music,ACME,685.04,2022-01-20,True
SKU-00977,electronics,Soylent,263.77,2023-04-21,True
SKU-00978,apparel,StarkIndustries,823.07,2024-06-21,True
SKU-00979,books,WayneTech,491.45,2023-12-02,True
SKU-00980,music,Wonka,518.24,2023-09-25,False
SKU-00981,home,StarkIndustries,537.34,2023-11-15,True
SKU-00982,music,Januszex,865.44,2022-05-14,True
SKU-00983,electronics,Januszex,541.84,2021-08-25,True
SKU-00984,sports,Globex,748.68,2023-10-17,True
SKU-00985,kitchen,Wonka,47.47,2021-09-16,True
SKU-00986,home,Umbrella,561.95,2024-11-12,True
SKU-00987,music,Umbrella,413.15,2023-09-05,True
SKU-00988,sports,Soylent,322.92,2024-02-29,True
SKU-00989,electronics,StarkIndustries,15.83,2022-02-01,True
SKU-00990,electronics,ACME,703.17,2024-07-11,True
SKU-00991,books,Globex,296.65,2021-10-05,True
SKU-00992,electronics,Umbrella,766.86,2023-01-06,True
SKU-00993,sports,ACME,478.77,2024-11-27,True
SKU-00994,home,Soylent,798.01,2021-11-15,True
SKU-00995,toys,Initech,304.78,2021-04-20,True
SKU-00996,beauty,ACME,557.44,2021-01-11,True
SKU-00997,electronics,ACME,14.97,2023-03-14,True
SKU-00998,books,StarkIndustries,946.56,2024-03-04,True
SKU-00999,beauty,Januszex,418.12,2021-07-17,True
